[{"file": "LLM_INTERFACE/extract_entities.py", "old_start": 88, "old_length": 7, "new_start": 88, "new_length": 7, "old_code": ["print('Another test for github actions#163')", "-- a/trigger_dependency_analysis.py"], "new_code": ["print('Another test for github actions#263')", "++ b/trigger_dependency_analysis.py"], "method_class_nm_old": {"class_nm": "LLM_interface", "method_nm": "findUsage"}, "method_class_nm_new": {"class_nm": "LLM_interface", "method_nm": "findUsage"}}, {"file": "trigger_dependency_analysis.py", "old_start": 31, "old_length": 10, "new_start": 31, "new_length": 15, "old_code": ["if start_line <= line_number <= end_line:", "return def_type, name", "return None"], "new_code": ["class_nm, method_nm = None, None", "", "if start_line <= line_number <= end_line and def_type == 'class':", "class_nm = name", "elif start_line <= line_number <= end_line and def_type == 'function':", "method_nm = name", "", "return {'class_nm': class_nm, 'method_nm': method_nm }"], "method_class_nm_old": {"class_nm": null, "method_nm": "find_method_class_for_line"}, "method_class_nm_new": {"class_nm": null, "method_nm": "find_method_class_for_line"}}]