[{"file": "LLM_INTERFACE/extract_entities.py", "old_start": 30, "old_length": 8, "new_start": 30, "new_length": 9, "old_code": ["print('Change for testing github actions#13')", "-- a/trigger_dependency_analysis.py"], "new_code": ["print('Change for testing github actions#14')", "y = 10", "++ b/trigger_dependency_analysis.py"]}, {"file": "trigger_dependency_analysis.py", "old_start": 1, "old_length": 4, "new_start": 1, "new_length": 4, "old_code": ["import sys"], "new_code": ["import sys, json"]}, {"file": "trigger_dependency_analysis.py", "old_start": 34, "old_length": 6, "new_start": 34, "new_length": 9, "old_code": [], "new_code": ["with open('changes_for_further_analysis.json', 'w' ) as fp:", "json.dump( changes, fp )", ""]}]