[{"file": "LLM_INTERFACE/LLM_Interface.py", "old_start": 223, "old_length": 10, "new_start": 223, "new_length": 10, "old_code": ["return_signature_ = self.py_return_syntax + ' '", "for idx, line_ in enumerate( ll_ ):", "if return_signature_ in line_ :"], "new_code": ["return_signature_ = self.py_return_syntax + ' ' + ''", "for idx, line_text in enumerate( ll_ ):", "if return_signature_ in line_text :"], "method_class_nm_old": {"class_nm": "LLM_interface", "method_nm": "returnLnNum"}, "method_class_nm_new": {"class_nm": "LLM_interface", "method_nm": "returnLnNum"}}]