[{"file": "LLM_INTERFACE/LLM_Interface.py", "old_start": 282, "old_length": 8, "new_start": 282, "new_length": 8, "old_code": ["                        varList = self.package_store_[ fnm ]\n", "                        if { pack: lnNo } not in varList:\n", "-- a/trigger_dependency_analysis.py\n"], "new_code": ["                        varList = self.package_store_[ fnm ] if fnm in self.package_store_ else []\n", "                        if pack is not None and { pack: lnNo } not in varList:\n", "++ b/trigger_dependency_analysis.py\n"], "method_class_nm_old": {"class_nm": "LLM_interface", "method_nm": "processPackageVars"}, "method_class_nm_new": {"class_nm": "LLM_interface", "method_nm": "processPackageVars"}}, {"file": "trigger_dependency_analysis.py", "old_start": 69, "old_length": 9, "new_start": 69, "new_length": 9, "old_code": ["                hunk_data['old_code'].append(line[1:].strip())\n", "                hunk_data['new_code'].append(line[1:].strip())\n"], "new_code": ["                hunk_data['old_code'].append(line[1:])\n", "                hunk_data['new_code'].append(line[1:])\n"], "method_class_nm_old": {"class_nm": null, "method_nm": "parse_diff_file"}, "method_class_nm_new": {"class_nm": null, "method_nm": "parse_diff_file"}}]