[{"file": "LLM_INTERFACE/SRC_DIR/basic_generateXLMetaData.py", "old_start": 133, "old_length": 8, "new_start": 133, "new_length": 8, "old_code": ["        max_row = sheet.max_row if sheet.max_row is not None else 20\n", "        max_col = sheet.max_column if sheet.max_column is not None else 30\n"], "new_code": ["        max_row = sheet.max_row if sheet.max_row is not None else self.default_max_row_\n", "        max_col = sheet.max_column if sheet.max_column is not None else self.default_max_col_\n"], "method_class_nm_old": {"class_nm": "GenerateXLMetaInfo", "method_nm": "find_tables"}, "method_class_nm_new": {"class_nm": "GenerateXLMetaInfo", "method_nm": "find_tables"}}]