[{"file": "code_db/python/createJsonFeats.py", "old_start": 35, "old_length": 7, "new_start": 35, "new_length": 7, "old_code": ["    string = response.read().decode('utf-8')\n", "-- a/utils/trigger_downstream.py\n"], "new_code": ["    string = response.read()\n", "++ b/utils/trigger_downstream.py\n"], "method_class_nm_old": {"class_nm": null, "method_nm": "returnEmbed"}, "method_class_nm_new": {"class_nm": null, "method_nm": "returnEmbed"}}, {"file": "utils/trigger_downstream.py", "old_start": 286, "old_length": 8, "new_start": 286, "new_length": 8, "old_code": ["            impact_file_ = default_home_dir_ + '/impact_analysis/impact_analysis_Method::' + fnm + '::Criticality::'\\\n", "                           + criticality_ + '.json'\n"], "new_code": ["            impact_file_ = default_home_dir_ + '/impact_analysis/impact_analysis_Method::' + fnm.replace('/','_') \\\n", "                    + '::Criticality::' + criticality_ + '.json'\n"], "method_class_nm_old": {"class_nm": null, "method_nm": "start"}, "method_class_nm_new": {"class_nm": null, "method_nm": "start"}}]