[{"file": "code_db/python/createJsonFeats.py", "old_start": 29, "old_length": 6, "new_start": 29, "new_length": 7, "old_code": [], "new_code": ["    fake_resp_ = 123\n"], "method_class_nm_old": {"class_nm": null, "method_nm": "returnEmbed"}, "method_class_nm_new": {"class_nm": null, "method_nm": "returnEmbed"}}, {"file": "code_db/python/createJsonFeats.py", "old_start": 38, "old_length": 7, "new_start": 39, "new_length": 7, "old_code": ["    return json_obj['encoded_'], True\n", "-- /dev/null\n"], "new_code": ["    return json_obj['encoded_'], fake_resp_\n", "++ b/impact_analysis/impact_analysis_Method::code_db_python_createJsonFeats.py::Criticality::3.json\n"], "method_class_nm_old": {"class_nm": null, "method_nm": "returnEmbed"}, "method_class_nm_new": {"class_nm": null, "method_nm": "returnEmbed"}}, {"file": "impact_analysis/impact_analysis_Method::code_db_python_createJsonFeats.py::Criticality::3.json", "old_start": 0, "old_length": 0, "new_start": 1, "new_length": 70, "old_code": ["-- /dev/null\n"], "new_code": ["{\n", "    \"file\": \"code_db/python/createJsonFeats.py\",\n", "    \"old_start\": 35,\n", "    \"old_length\": 7,\n", "    \"new_start\": 35,\n", "    \"new_length\": 7,\n", "    \"old_code\": [\n", "        \"    string = response.read()\\n\",\n", "        \"-- a/utils/trigger_downstream.py\\n\"\n", "    ],\n", "    \"new_code\": [\n", "        \"    string = response.read().decode('utf-8')\\n\",\n", "        \"++ b/utils/trigger_downstream.py\\n\"\n", "    ],\n", "    \"method_class_nm_old\": {\n", "        \"class_nm\": null,\n", "        \"method_nm\": \"returnEmbed\"\n", "    },\n", "    \"method_class_nm_new\": {\n", "        \"class_nm\": null,\n", "        \"method_nm\": \"returnEmbed\"\n", "    },\n", "    \"method_context\": \"\\n    rec_ = { 'sentence': sent }\\n\\n    data = json.dumps( rec_ ).encode('utf-8')\\n    _request = urllib.request.Request( url_encode, data=data, method='POST', \\\\\\n                                        headers={'Content-Type': 'application/json'} )\\n\\n    response = urllib.request.urlopen( _request )\\n    string = response.read().decode('utf-8')\\n    json_obj = json.loads(string)\\n    \\n    return json_obj['encoded_'], True\\n\",\n", "    \"base_change_impact\": \"Here is the analysis of the changed code:\\n\\n```\\n{\\n  \\\"Issues\\\": [\\n    \\\"The character encoding of the response is now explicitly specified as 'utf-8', which may cause issues if the response is not encoded in UTF-8.\\\",\\n    \\\"The removal of the `decode()` function call may lead to errors if the response is not a string\\\"\\n  ],\\n  \\\"Criticality\\\": 3,\\n  \\\"Recommendations\\\": [\\n    \\\"Verify that the response from the server is indeed encoded in UTF-8 to avoid decoding errors.\\\",\\n    \\\"Consider adding error handling to handle cases where the response is not a string or is not encoded in UTF-8\\\",\\n    \\\"Test the code thoroughly to ensure it works as expected with different types of responses\\\"\\n  ]\\n}\\n```\\n\\nExplanation:\\n\\n* The changed line has removed the explicit decoding of the response from UTF-8, which may cause issues if the response is not encoded in UTF-8.\\n* The criticality of this change is rated as 3, as it may lead to errors or unexpected behavior if the response is not properly decoded.\\n* The recommendations include verifying the encoding of the response, adding error handling, and testing the code thoroughly to ensure it works as expected.\",\n", "    \"base_change_criticality\": \"3\",\n", "    \"impact_analysis\": [\n", "        {\n", "            \"impacted_method\": \"/datadrive/IKG/code_db/python/searchDB.py/pos\",\n", "            \"impacted_code_snippet\": [\n", "                \"            hdr_info_D[ ( resD[ 'payload' ][ 'summary' ] ) ] = createJsonFeats.returnEmbed( resD['payload']['hdr_info'] )\\n\"\n", "            ],\n", "            \"impacted_code_range\": [\n", "                14,\n", "                99\n", "            ],\n", "            \"impacted_code_context\": \"  if 'searchRes_' in res_:\\n    act_ = res_[ 'searchRes_' ]\\n    print( act_ )\\n    tokenized_hdr_info_ , tokenized_sample_summary_, tokenized_dates_, title = [], [], [], []\\n    hdr_info_D = dict()\\n\\n    for res_nm, resD in act_.items():\\n        if 'payload' in resD and 'summary' in resD[ 'payload' ]:\\n            corpus_[ ( resD[ 'payload' ][ 'summary' ] ) ] = resD[ 'score' ]\\n\\n            tokenized_hdr_info_.append( resD[ 'payload' ][ 'hdr_info' ] )\\n            tokenized_sample_summary_.append( 'sample' )\\n            tokenized_dates_.append( resD[ 'payload' ][ 'date_range' ] )\\n            title.append( resD[ 'payload' ]['file_name'] )\\n\\n            hdr_info_D[ ( resD[ 'payload' ][ 'summary' ] ) ] = createJsonFeats.returnEmbed( resD['payload']['hdr_info'] )\\n\\n    top_by_vector_score_ = dict( sorted( corpus_.items(), key=lambda x:x[1], reverse=True ) )\\n    for idx, key in enumerate( list( top_by_vector_score_.keys() )[:10] ):\\n        print('-----------------------------------------')\\n        cos_dist_ = distance.cosine( emb_, hdr_info_D[ key ] )\\n        print('Rank ',idx+1,' CONTEXT->', key, ' SCORE->', top_by_vector_score_[key], ' HDR DISTANCE->', cos_dist_ )\\n        print('-----------------------------------------')\\n\\n    tokenized_corpus = [doc.split(\\\" \\\") for doc in list( corpus_.keys() )]\\n    bm25_summary_, bm25_hdr_info_, bm25_sample_summary_, bm25_dates_, title = \\\\\\n            BM25Okapi(tokenized_corpus), BM25Okapi( tokenized_hdr_info_ ), \\\\\\n            BM25Okapi( tokenized_sample_summary_ ), BM25Okapi( tokenized_dates_ ), BM25Okapi( title )\\n\\n    tokenized_query = txt.split(\\\" \\\")\\n    bm25_score_summary_  = bm25_summary_.get_scores(tokenized_query)\\n    bm25_score_hdr_  = bm25_hdr_info_.get_scores(tokenized_query)\\n    bm25_score_sample_  = bm25_sample_summary_.get_scores(tokenized_query)\\n    bm25_score_dt_  = bm25_dates_.get_scores(tokenized_query)\\n    score_title_  = title.get_scores(tokenized_query)\\n\\n    enum_doc_scores_ = list( enumerate( bm25_score_summary_ ) )\\n    sorted_doc_score_ = sorted( enum_doc_scores_, key=lambda x:x[1] , reverse=True )\\n\\n    enum_doc_scores_ = list( enumerate( bm25_score_hdr_ ) )\\n    sorted_doc_score_1 = sorted( enum_doc_scores_, key=lambda x:x[1] , reverse=True )\\n\\n    enum_doc_scores_ = list( enumerate( bm25_score_sample_ ) )\\n    sorted_doc_score_2 = sorted( enum_doc_scores_, key=lambda x:x[1] , reverse=True )\\n\\n    enum_doc_scores_ = list( enumerate( bm25_score_dt_ ) )\\n    sorted_doc_score_3 = sorted( enum_doc_scores_, key=lambda x:x[1] , reverse=True )\\n\\n    enum_doc_scores_ = list( enumerate( score_title_ ) )\\n    sorted_doc_score_4 = sorted( enum_doc_scores_, key=lambda x:x[1] , reverse=True )\\n\\n    for keyid, keys in enumerate( list( corpus_.keys() ) ):\\n        print('--------', keyid, np.asarray( sorted_doc_score_ )[:3, :1])    \\n        if [keyid] not in np.asarray( sorted_doc_score_ )[:3, :1]: continue\\n\\n        print( 'BM25 Summary :: Text: ', keys, ' Vector score: ', corpus_[ keys ],\\\\\\n                ' BM25 : ', bm25_score_summary_[keyid] )\\n\\n    for keyid, keys in enumerate( list( corpus_.keys() ) ):\\n        print('--------', keyid, np.asarray( sorted_doc_score_1 )[:3, :1])    \\n        if [keyid] not in np.asarray( sorted_doc_score_1 )[:3, :1]: continue\\n\\n        print( 'BM25 HDR :: Text: ', keys, ' Vector score: ', corpus_[ keys ],\\\\\\n                ' BM25 : ', bm25_score_hdr_[keyid] )\\n\\n    for keyid, keys in enumerate( list( corpus_.keys() ) ):\\n        print('--------', keyid, np.asarray( sorted_doc_score_2 )[:3, :1])    \\n        if [keyid] not in np.asarray( sorted_doc_score_2 )[:3, :1]: continue\\n\\n        print( 'BM25 Sample :: Text: ', keys, ' Vector score: ', corpus_[ keys ],\\\\\\n                ' BM25 : ', bm25_score_sample_[keyid] )\\n\\n    for keyid, keys in enumerate( list( corpus_.keys() ) ):\\n        print('--------', keyid, np.asarray( sorted_doc_score_3 )[:3, :1])    \\n        if [keyid] not in np.asarray( sorted_doc_score_3 )[:3, :1]: continue\\n\\n        print( 'BM25 Date :: Text: ', keys, ' Vector score: ', corpus_[ keys ],\\\\\\n                ' BM25 : ', bm25_score_dt_[keyid] )\\n\\n    for keyid, keys in enumerate( list( corpus_.keys() ) ):\\n        print('--------', keyid, np.asarray( sorted_doc_score_4 )[:3, :1])    \\n        if [keyid] not in np.asarray( sorted_doc_score_4 )[:3, :1]: continue\\n\\n        print( 'BM25 Date :: Text: ', keys, ' Vector score: ', corpus_[ keys ],\\\\\\n                ' BM25 : ', score_title_[keyid] )\\n\",\n", "            \"criticality\": \"NA\",\n", "            \"impact_analysis\": \"Here is the analysis of the impact of the changed line in the existing code on the downstream file that imports or uses this code:\\n\\n**Issues**\\n\\n* The changed line `string = response.read().decode('utf-8')` adds UTF-8 decoding to the response from the API, which may affect the downstream file that imports this code.\\n* The downstream file uses the returned values from the `returnEmbed` function, which may be affected by the decoding change.\\n\\n**Criticality**\\n\\n* I would rate the criticality of this change as 2, which means it requires attention but is not critical. The decoding change may affect the downstream file, but it is a relatively minor change that may not break the entire system.\\n\\n**Recommendations**\\n\\n* Verify that the downstream file can handle UTF-8 decoded strings correctly.\\n* Test the downstream file with the modified `returnEmbed` function to ensure it still works as expected.\\n* Consider adding additional error handling or logging to the downstream file to handle any potential issues with the decoded strings.\\n\\nHere is the JSON output:\\n\\n```\\n{\\n  \\\"Issues\\\": [\\n    \\\"Adds UTF-8 decoding to the response from the API\\\",\\n    \\\"May affect the downstream file that imports this code\\\"\\n  ],\\n  \\\"Criticality\\\": 2,\\n  \\\"Recommendations\\\": [\\n    \\\"Verify downstream file can handle UTF-8 decoded strings\\\",\\n    \\\"Test downstream file with modified returnEmbed function\\\",\\n    \\\"Add additional error handling or logging to downstream file\\\"\\n  ]\\n}\\n```\\n\\nLet me know if you need any further assistance!\",\n", "            \"impact_type\": \"global\"\n", "        },\n", "        {\n", "            \"impacted_method\": \"/datadrive/IKG/code_db/python/basic_generateXLMetaData.py/createDBRec\",\n", "            \"impacted_code_snippet\": [\n", "                \"        emb_ = createJsonFeats.returnEmbed( unified_key_ )\\n\"\n", "            ],\n", "            \"impacted_code_range\": [\n", "                360,\n", "                384\n", "            ],\n", "            \"impacted_code_context\": \"\\n        insertRec = dict()\\n        insertRec['docID'] = random.randint( 1000, 100000 )\\n        ## combine all necessary fields to form vector signature\\n        ## keys-> 'sample_summary'; 'date_range' ; 'hdr_info'\\n\\n        hdr_info = summary_D['hdr_info']\\n        sample_summary_ = summary_D['sample_summary']\\n\\n        unified_key_ =   'Date Range : '+ str( summary_D['date_range'] ) + '\\\\n' \\\\\\n                       + 'Column Headers : '+ ' , '.join( summary_D['col_names_'] ).strip() + '\\\\n' \\\\\\n                       + 'LLM Summary : '+ ( sample_summary_ ) if self.add_ai_summary_to_embedding_ is True else ''\\n\\n        emb_ = createJsonFeats.returnEmbed( unified_key_ )\\n        insertRec['docSignature'] = emb_\\n        insertRec['summary'] = unified_key_\\n        insertRec['file_path'] = summary_D['file_path']\\n        insertRec['file_name'] = summary_D['file_path'].split('/')[-1]\\n        insertRec['sheet_name'] = summary_D['sheet_name']\\n        insertRec['date_range'] = summary_D['date_range']\\n        insertRec['hdr_info'] = hdr_info\\n\\n        print('Inserting RECORD->', insertRec['file_name'], insertRec['sheet_name'], unified_key_ )\\n        return insertRec\\n\",\n", "            \"criticality\": \"2\",\n", "            \"impact_analysis\": \"Here is the analysis of the changed code:\\n\\n**JSON Output:**\\n\\n```\\n{\\n  \\\"Issues\\\": [\\n    \\\"The decoding of the response string from bytes to UTF-8 has been added, which may affect the downstream code that relies on the response string.\\\"\\n  ],\\n  \\\"Criticality\\\": 2,\\n  \\\"Recommendations\\\": [\\n    \\\"Verify that the downstream code can handle the decoded UTF-8 string correctly.\\\",\\n    \\\"Test the downstream code with the updated response string to ensure no unexpected behavior.\\\"\\n  ]\\n}\\n```\\n\\n**Analysis:**\\n\\nThe changed line adds decoding of the response string from bytes to UTF-8 using `decode('utf-8')`. This change may impact the downstream code that imports or uses the `returnEmbed` method.\\n\\n**Impact on Downstream Code:**\\n\\nThe downstream code in `trigger_downstream.py` calls the `returnEmbed` method and uses the returned value to create a vector signature. Since the response string is now decoded to UTF-8, the downstream code may need to handle the decoded string correctly. This could potentially lead to issues if the downstream code is not expecting a decoded string.\\n\\n**Criticality:**\\n\\nI rate the criticality of this change as 2, i.e., moderate. While the change is not drastic, it can still potentially affect the downstream code, and it's essential to verify that the downstream code can handle the decoded string correctly.\\n\\n**Recommendations:**\\n\\n* Verify that the downstream code can handle the decoded UTF-8 string correctly.\\n* Test the downstream code with the updated response string to ensure no unexpected behavior.\",\n", "            \"impact_type\": \"global\"\n", "        },\n", "        {\n", "            \"impacted_method\": \"/datadrive/IKG/code_db/python/addtoDB.py/addToDB\",\n", "            \"impacted_code_snippet\": [\n", "                \"            emb_ = createJsonFeats.returnEmbed( txt )\\n\"\n", "            ],\n", "            \"impacted_code_range\": [\n", "                9,\n", "                16\n", "            ],\n", "            \"impacted_code_context\": \"    for fnm, sheets in js_.items():\\n        for sheetname, txt in sheets.items():\\n            cnt_ += 1\\n            emb_ = createJsonFeats.returnEmbed( txt )\\n            dd_ = { 'text': txt, 'docSignature': emb_, 'docID': cnt_ }\\n\\n            db_utils.insertNewSignature( dd_ )\\n\",\n", "            \"criticality\": \"3\",\n", "            \"impact_analysis\": \"Here is the analysis of the changed code:\\n\\n```\\n{\\n    \\\"Issues\\\": [\\n        \\\"The decoding of the response from UTF-8 to string has been removed in the new code. This may lead to issues if the response contains non-ASCII characters.\\\"\\n    ],\\n    \\\"Criticality\\\": 3,\\n    \\\"Recommendations\\\": [\\n        \\\"Verify that the response from the API does not contain non-ASCII characters. If it does, consider adding error handling to handle encoding errors.\\\",\\n        \\\"Test the changed code thoroughly to ensure it works as expected with different types of input.\\\"\\n    ]\\n}\\n```\\n\\nExplanation:\\n\\nThe changed line removes the decoding of the response from UTF-8 to string. This may lead to issues if the response contains non-ASCII characters, as the `response.read()` method returns a bytes object, not a string.\\n\\nThe criticality of this change is rated as 3, as it may cause issues only if the response contains non-ASCII characters. If the response is guaranteed to contain only ASCII characters, this change may be nominal.\\n\\nThe recommendations are to verify that the response from the API does not contain non-ASCII characters, and to test the changed code thoroughly to ensure it works as expected with different types of input.\",\n", "            \"impact_type\": \"global\"\n", "        }\n", "    ]\n", "}\n", "++ b/impact_analysis/impact_analysis_Method::utils_trigger_downstream.py::Criticality::NO_IMPACT_.json\n"], "method_class_nm_old": {"class_nm": null, "method_nm": null}, "method_class_nm_new": {"class_nm": null, "method_nm": null}}, {"file": "impact_analysis/impact_analysis_Method::utils_trigger_downstream.py::Criticality::NO_IMPACT_.json", "old_start": 0, "old_length": 0, "new_start": 1, "new_length": 23, "old_code": [], "new_code": ["{\n", "    \"file\": \"utils/trigger_downstream.py\",\n", "    \"old_start\": 290,\n", "    \"old_length\": 7,\n", "    \"new_start\": 290,\n", "    \"new_length\": 7,\n", "    \"old_code\": [\n", "        \"                json.dump( change_summary_, fp )\\n\"\n", "    ],\n", "    \"new_code\": [\n", "        \"                json.dump( change_record_, fp, indent=4 )\\n\"\n", "    ],\n", "    \"method_class_nm_old\": {\n", "        \"class_nm\": null,\n", "        \"method_nm\": \"start\"\n", "    },\n", "    \"method_class_nm_new\": {\n", "        \"class_nm\": null,\n", "        \"method_nm\": \"start\"\n", "    },\n", "    \"base_change_impact\": \"\",\n", "    \"base_change_criticality\": \"NA\"\n", "}\n"], "method_class_nm_old": {"class_nm": null, "method_nm": null}, "method_class_nm_new": {"class_nm": null, "method_nm": null}}]