[{"file": "code_db/python/createJsonFeats.py", "old_start": 35, "old_length": 7, "new_start": 35, "new_length": 7, "old_code": ["    string = response.read().decode('utf-8')\n", "-- a/utils/LLM_INTERFACE/chunking_utils.py\n"], "new_code": ["    string = response.read()\n", "++ b/utils/LLM_INTERFACE/chunking_utils.py\n"], "method_class_nm_old": {"class_nm": null, "method_nm": "returnEmbed"}, "method_class_nm_new": {"class_nm": null, "method_nm": "returnEmbed"}}, {"file": "utils/LLM_INTERFACE/chunking_utils.py", "old_start": 239, "old_length": 7, "new_start": 239, "new_length": 8, "old_code": ["        if upstream_class_nm_ in line_ or upstream_method_nm_ in line_:\n"], "new_code": ["        if ( upstream_class_nm_ != None and upstream_class_nm_ in line_ ) or\\\n", "                ( upstream_method_nm_ != None and upstream_method_nm_ in line_ ):\n"], "method_class_nm_old": {"class_nm": null, "method_nm": "findPointOfEntry"}, "method_class_nm_new": {"class_nm": null, "method_nm": "findPointOfEntry"}}]