[{"file": "code_db/python/createJsonFeats.py", "old_start": 35, "old_length": 7, "new_start": 35, "new_length": 7, "old_code": ["    string = response.read()\n", "-- a/utils/github_monitor.py\n"], "new_code": ["    string = response.read().decode('utf-8')\n", "++ b/utils/github_monitor.py\n"], "method_class_nm_old": {"class_nm": null, "method_nm": "returnEmbed"}, "method_class_nm_new": {"class_nm": null, "method_nm": "returnEmbed"}}, {"file": "utils/github_monitor.py", "old_start": 116, "old_length": 10, "new_start": 116, "new_length": 10, "old_code": ["                    print(f\"Artifact downloaded and extracted successfully.\", os.getenv('DAEMON_CONFIG'))\n", "                    with open( os.getenv('DAEMON_CONFIG'), 'r' ) as fp:\n"], "new_code": ["                    print(f\"Artifact downloaded and extracted successfully.\" )\n", "                    with open( '/datadrive/IKG/config/daemon_config.json', 'r' ) as fp:\n"], "method_class_nm_old": {"class_nm": null, "method_nm": "main"}, "method_class_nm_new": {"class_nm": null, "method_nm": "main"}}]