[{"file": "code_db/python/createJsonFeats.py", "old_start": 35, "old_length": 7, "new_start": 35, "new_length": 7, "old_code": ["    string = response.read()\n", "-- a/utils/LLM_INTERFACE/LLM_Interface.py\n"], "new_code": ["    string = response.read().decode('utf-8')\n", "++ b/utils/LLM_INTERFACE/LLM_Interface.py\n"], "method_class_nm_old": {"class_nm": null, "method_nm": "returnEmbed"}, "method_class_nm_new": {"class_nm": null, "method_nm": "returnEmbed"}}, {"file": "utils/LLM_INTERFACE/LLM_Interface.py", "old_start": 5, "old_length": 7, "new_start": 5, "new_length": 7, "old_code": ["    def __init__(self, cfg_path_=os.getenv(\"LLM_CONFIG_PATH\"), llm_=os.getenv(\"LLM_MODEL\")):\n"], "new_code": ["    def __init__(self, cfg_path_=os.getenv(\"LLM_CONFIG_PATH\")):\n"], "method_class_nm_old": {"class_nm": null, "method_nm": null}, "method_class_nm_new": {"class_nm": null, "method_nm": null}}]