[{"file": "python/createJsonFeats.py b/code_db/python/createJsonFeats.py", "old_start": 35, "old_length": 7, "new_start": 35, "new_length": 7, "old_code": ["    string = response.read().decode('utf-8')\n", "-- a/utils/LLM_INTERFACE/chunking_utils.py\n"], "new_code": ["    string = response.read()\n", "++ b/utils/LLM_INTERFACE/chunking_utils.py\n"]}, {"file": "utils/LLM_INTERFACE/chunking_utils.py", "old_start": 1, "old_length": 10, "new_start": 1, "new_length": 10, "old_code": ["sys.path.append( os.getenv('GRAPH_UTILS_FOLDER') )\n", "from python_ast_utils import CodeAnalyzer ## need to replace this based on programming language\n", "-- a/utils/github_monitor.py\n"], "new_code": ["#sys.path.append( os.getenv('GRAPH_UTILS_FOLDER') )\n", "from ast_utils.python_ast_utils import CodeAnalyzer ## need to replace this based on programming language\n", "++ b/utils/github_monitor.py\n"], "method_class_nm_old": {"class_nm": null, "method_nm": null}, "method_class_nm_new": {"class_nm": null, "method_nm": null}}, {"file": "utils/github_monitor.py", "old_start": 15, "old_length": 7, "new_start": 15, "new_length": 8, "old_code": ["local_path = os.getenv('GITHUB_MON_PATH')\n", "-- a/utils/test_utils/test_chunking_utils.py\n"], "new_code": ["local_path = '/datadrive/IKG/utils/'\n", "#local_path = os.getenv('GITHUB_MON_PATH')\n", "++ b/utils/test_utils/test_chunking_utils.py\n"], "method_class_nm_old": {"class_nm": null, "method_nm": null}, "method_class_nm_new": {"class_nm": null, "method_nm": null}}, {"file": "utils/test_utils/test_chunking_utils.py", "old_start": 2, "old_length": 7, "new_start": 2, "new_length": 7, "old_code": ["import doc_readers\n"], "new_code": ["import test_utils.doc_readers\n"], "method_class_nm_old": {"class_nm": null, "method_nm": null}, "method_class_nm_new": {"class_nm": null, "method_nm": null}}]