[{"file": "trigger_dependency_analysis.py", "old_start": 48, "old_length": 9, "new_start": 48, "new_length": 11, "old_code": ["            print('DUMM->', line)\n", "                current_file = re.search(r'b/(.*)', line).group(1)\n", "-- a/utils/github_monitor.py\n"], "new_code": ["                match = re.search(r'diff --git a/(.*) b/(.*)', line)\n", "                if match:\n", "                    current_file = match.group(2)\n", "                    print('DUMM->', current_file )\n", "++ b/utils/github_monitor.py\n"], "method_class_nm_old": {"class_nm": null, "method_nm": "parse_diff_file"}, "method_class_nm_new": {"class_nm": null, "method_nm": "parse_diff_file"}}, {"file": "utils/github_monitor.py", "old_start": 11, "old_length": 8, "new_start": 11, "new_length": 8, "old_code": ["REPO_OWNER = os.getenv('REPO_OWNER') \n", "REPO_NAME = os.getenv('REPO_NAME')\n"], "new_code": ["REPO_OWNER = \"AmyGB-ai\" \n", "REPO_NAME = \"IKG\"\n"], "method_class_nm_old": {"class_nm": null, "method_nm": null}, "method_class_nm_new": {"class_nm": null, "method_nm": null}}, {"file": "utils/github_monitor.py", "old_start": 57, "old_length": 7, "new_start": 57, "new_length": 6, "old_code": ["\n"], "new_code": [], "method_class_nm_old": {"class_nm": null, "method_nm": "get_latest_successful_run_id"}, "method_class_nm_new": {"class_nm": null, "method_nm": "get_latest_successful_run_id"}}]