[{"file": "UX/app.py", "old_start": 69, "old_length": 6, "new_start": 69, "new_length": 8, "old_code": ["-- a/utils/LLM_INTERFACE/chunking_utils.py\n"], "new_code": ["        if \"method_context\" not in change_record_: continue\n", "\n", "++ b/utils/LLM_INTERFACE/chunking_utils.py\n"], "method_class_nm_old": {"class_nm": null, "method_nm": "processChangeSummary"}, "method_class_nm_new": {"class_nm": null, "method_nm": "processChangeSummary"}}, {"file": "utils/LLM_INTERFACE/chunking_utils.py", "old_start": 188, "old_length": 7, "new_start": 188, "new_length": 11, "old_code": ["        begin_ln_, end_ln_ = findRange( file_nm_, method_nm_, method_summary_ )\n", "-- a/utils/trigger_downstream.py\n"], "new_code": ["        try:\n", "            begin_ln_, end_ln_ = findRange( file_nm_, method_nm_, method_summary_ )\n", "        except:\n", "            print('TRACEBACK->', traceback.format_exc())\n", "            continue\n", "++ b/utils/trigger_downstream.py\n"], "method_class_nm_old": {"class_nm": null, "method_nm": "createChunkInChangeFile"}, "method_class_nm_new": {"class_nm": null, "method_nm": "createChunkInChangeFile"}}, {"file": "utils/trigger_downstream.py", "old_start": 39, "old_length": 6, "new_start": 39, "new_length": 8, "old_code": [], "new_code": ["    if 'method_context' not in change_record_: return \"\"\n", "\n"], "method_class_nm_old": {"class_nm": null, "method_nm": "addChangeImpactOnFile"}, "method_class_nm_new": {"class_nm": null, "method_nm": "addChangeImpactOnFile"}}, {"file": "utils/trigger_downstream.py", "old_start": 50, "old_length": 6, "new_start": 52, "new_length": 8, "old_code": [], "new_code": ["    if 'method_context' not in change_record_: return \"\"\n", "\n"], "method_class_nm_old": {"class_nm": null, "method_nm": "addChangeImpactOnFile"}, "method_class_nm_new": {"class_nm": null, "method_nm": "addChangeImpactOnDownstreamFile"}}, {"file": "utils/trigger_downstream.py", "old_start": 220, "old_length": 6, "new_start": 224, "new_length": 10, "old_code": [], "new_code": ["        if \"method_class_nm_old\" in change_record_ and \"method_nm\" in change_record_[\"method_class_nm_old\"]\\\n", "                and change_record_[\"method_class_nm_old\"][\"method_nm\"] == None:\n", "                    continue\n", "\n"], "method_class_nm_old": {"class_nm": null, "method_nm": "start"}, "method_class_nm_new": {"class_nm": null, "method_nm": "start"}}, {"file": "utils/trigger_downstream.py", "old_start": 246, "old_length": 8, "new_start": 254, "new_length": 8, "old_code": ["        print('HULLO ALLO->', json.dumps( change_summary_, indent=4 ))\n"], "new_code": ["        print( 'HULLO ALLO->', json.dumps( change_summary_, indent=4 ), response )\n"], "method_class_nm_old": {"class_nm": null, "method_nm": "start"}, "method_class_nm_new": {"class_nm": null, "method_nm": "start"}}, {"file": "utils/trigger_downstream.py", "old_start": 257, "old_length": 18, "new_start": 265, "new_length": 21, "old_code": ["            viz_url_ = daemon_cfg['python']['view_viz_url'] + viz_id_\n", "            body_    = \"Hi, Kindly visualize the impact analysis of the changes made to the file in the Subject.\\n\"\\\n", "                    + viz_url_\n", "        testImpact( change_summary_, context_window_sz_, criticality_thresh_, test_folder_, subject_ )\n"], "new_code": ["            send_url_ = daemon_cfg['python']['view_viz_url'] + viz_id_\n", "            if change_record_['base_change_criticality'] == 'NA':\n", "                body_ = 'No IMPACT of the changes mentioned in the header!'\n", "            else:    \n", "                body_    = \"Hi, Kindly visualize the impact analysis of the changes made to the file in \\\n", "                            the Subject.\\n\"+ send_url_\n", "        #testImpact( change_summary_, context_window_sz_, criticality_thresh_, test_folder_, subject_ )\n"], "method_class_nm_old": {"class_nm": null, "method_nm": "start"}, "method_class_nm_new": {"class_nm": null, "method_nm": "start"}}]