[{"file": "utils/trigger_downstream.py", "old_start": 189, "old_length": 7, "new_start": 189, "new_length": 8, "old_code": ["           default_home_dir_=os.getenv(\"IKG_HOME\") \n"], "new_code": ["           default_home_dir_=os.getenv(\"IKG_HOME\"),\\\n", "           send_notif_=False\n"], "method_class_nm_old": {"class_nm": null, "method_nm": null}, "method_class_nm_new": {"class_nm": null, "method_nm": null}}, {"file": "utils/trigger_downstream.py", "old_start": 258, "old_length": 7, "new_start": 259, "new_length": 7, "old_code": ["        if response.status_code == 200:\n"], "new_code": ["        if response.status_code == 200 and send_notif_ == True:\n"], "method_class_nm_old": {"class_nm": null, "method_nm": "start"}, "method_class_nm_new": {"class_nm": null, "method_nm": "start"}}, {"file": "utils/trigger_downstream.py", "old_start": 278, "old_length": 8, "new_start": 279, "new_length": 18, "old_code": ["        ## NOTE->now find the impact on test plans\n", "        #testImpact( change_summary_, context_window_sz_, criticality_thresh_, test_folder_, subject_ )\n"], "new_code": ["            ## NOTE->now find the impact on test plans\n", "            #testImpact( change_summary_, context_window_sz_, criticality_thresh_, test_folder_, subject_ )\n", "        else:\n", "            ## simply dump into json\n", "            criticality_ = 'NO_IMPACT_' if change_record_['base_change_criticality'] == 'NA' else\\\n", "                                           change_record_['base_change_criticality']\n", "\n", "            impact_file_ = default_home_dir_ + './impact_analysis/impact_analysis_Method::' + fnm + '::Criticality::'\\\n", "                           + criticality_ + '.json'\n", "\n", "            with open( impact_file_, 'w' ) as fp:\n", "                json.dump( change_summary_, fp )\n"], "method_class_nm_old": {"class_nm": null, "method_nm": "start"}, "method_class_nm_new": {"class_nm": null, "method_nm": "start"}}]