[{"file": "code_db/python/createJsonFeats.py", "old_start": 35, "old_length": 7, "new_start": 35, "new_length": 7, "old_code": ["    string = response.read()\n", "-- a/utils/trigger_downstream.py\n"], "new_code": ["    string = response.read().decode('utf-8')\n", "++ b/utils/trigger_downstream.py\n"], "method_class_nm_old": {"class_nm": null, "method_nm": "returnEmbed"}, "method_class_nm_new": {"class_nm": null, "method_nm": "returnEmbed"}}, {"file": "utils/trigger_downstream.py", "old_start": 290, "old_length": 7, "new_start": 290, "new_length": 7, "old_code": ["                json.dump( change_summary_, fp )\n"], "new_code": ["                json.dump( change_record_, fp, indent=4 )\n"], "method_class_nm_old": {"class_nm": null, "method_nm": "start"}, "method_class_nm_new": {"class_nm": null, "method_nm": "start"}}]